{
  "gamer_tag": "T6-ULTRON",
  "free_fire_id": "2613958275",
  "level": 71,
  "language": "English",
  "guild": "SOULMATES!",
  "current_season_stats": {
    "games_played": 9374,
    "wins": 5192,
    "eliminations": 43080,
    "kda": 1.87,
    "help_ups": 4703,
    "avg_damage_per_match": 2126,
    "total_headshots": 15447,
    "headshot_rate": "35.86%",
    "knockdowns": 48749,
    "win_rate": "55.39%",
    "mvp": 3642,
    "double_takedown": 8084
  },
  "role_expertise": {
    "primary_role": "RUSHER",
    "rusher_percentage": "64%",
    "rusher_level": 16,
    "rifler_level": 19,
    "sniper_level": 4,
    "support_level": 3,
    "bomber_level": 4,
    "close_range_eliminations": 3031,
    "weapon_with_most_eliminations": "MP40"
  },
  "game_modes": {
    "solo": {
      "games": 7,
      "wins": 0,
      "eliminations": 23
    },
    "duo": {
      "games": 49,
      "wins": 6,
      "eliminations": 113
    },
    "squad": {
      "games": 265,
      "wins": 27,
      "eliminations": 932
    }
  },
  "weapon_mastery": {
    "mp5": {
      "level": 9,
      "highest_score": 6419,
      "headshot_rate": "34.11%",
      "eliminations": 1161,
      "mastery": 9
    },
    "mp40": {
      "level": 17,
      "highest_score": 6246,
      "headshot_rate": "29.58%",
      "eliminations": 2458,
      "mastery": 17
    },
    "ump": {
      "level": 10,
      "highest_score": 4614,
      "headshot_rate": "35.01%",
      "eliminations": 1151,
      "mastery": 10
    },
    "parafal": {
      "level": 7,
      "highest_score": 3840,
      "headshot_rate": "47.55%",
      "eliminations": 286
    },
    "m1887": {
      "level": 7,
      "highest_score": 3666,
      "headshot_rate": "18.41%",
      "eliminations": 744
    },
    "p90": {
      "level": 7,
      "highest_score": 3589,
      "headshot_rate": "28.31%",
      "eliminations": 597
    },
    "ak47": {
      "highest_score": 20834,
      "headshot_rate": "20.01%",
      "eliminations": 2154,
      "division_title_count": 11
    },
    "m1014": {
      "highest_score": 6234,
      "headshot_rate": "8.98%",
      "eliminations": 958,
      "subdivision_title_count": 4
    },
    "m4a1": {
      "highest_score": 4243,
      "headshot_rate": "23.29%",
      "eliminations": 468
    },
    "aug": {
      "highest_score": 2225,
      "headshot_rate": "30.54%",
      "eliminations": 167
    }
  },
  "character_appearance": {
    "skin": "Green military outfit with face mask",
    "companion": "Robot pet",
    "hair_color": "Green",
    "outfit_style": "Combat tactical gear"
  },
  "achievements": [
    "Level 71 Player",
    "55.39% Win Rate",
    "35.86% Headshot Rate",
    "48,749 Total Knockdowns",
    "43,080 Total Eliminations",
    "Rusher Specialist (64%)",
    "MP40 Master",
    "15,447 Career Headshots"
  ]
}